--project.name=InsuranceWS

/*CREATE USER WEBUSER IDENTIFIED BY WEBUSER;
GRANT CREATE SESSION, GRANT ANY PRIVILEGE TO WEBUSER;
GRANT SELECT ON V_$SESSION TO WEBUSER;
GRANT ALL PRIVILEGES TO WEBUSER;*/

select * from all_tables where owner = 'INSURANCE';

DROP TABLE COD_VERSION CASCADE CONSTRAINTS;
DROP TABLE COD_CIVILITY CASCADE CONSTRAINTS;
DROP TABLE CLI_CLIENT CASCADE CONSTRAINTS;
DROP TABLE CLI_ADDRESS CASCADE CONSTRAINTS;
DROP TABLE COD_COUNTRY CASCADE CONSTRAINTS;
DROP TABLE COD_POSTAL CASCADE CONSTRAINTS;
DROP TABLE CLI_CONTRACT CASCADE CONSTRAINTS;
DROP TABLE COD_BRANCH CASCADE CONSTRAINTS;
DROP TABLE COD_CATEGORY CASCADE CONSTRAINTS;
DROP TABLE COD_CANCEL CASCADE CONSTRAINTS;
DROP TABLE CLI_GUARANTEE CASCADE CONSTRAINTS;
DROP TABLE COD_GUARANTEE CASCADE CONSTRAINTS;
DROP TABLE COD_SECTION CASCADE CONSTRAINTS;
DROP TABLE COD_TAX CASCADE CONSTRAINTS;
DROP TABLE COD_PREMIUM CASCADE CONSTRAINTS;
DROP TABLE COD_PREMIUMCONFIG CASCADE CONSTRAINTS;
DROP TABLE COD_CATCLI CASCADE CONSTRAINTS;
DROP TABLE USR_USER CASCADE CONSTRAINTS;
DROP TABLE USR_ROLE CASCADE CONSTRAINTS;
DROP TABLE COD_MOVEMENT CASCADE CONSTRAINTS;
DROP TABLE COD_MOVEMENTDET CASCADE CONSTRAINTS;
DROP TABLE CLI_MOVEMENT CASCADE CONSTRAINTS;
DROP TABLE CLI_MOVEMENTDET CASCADE CONSTRAINTS;



DROP SEQUENCE NUMGUARANTEE_SEQ;
DROP SEQUENCE NUMCLI_SEQ;
DROP SEQUENCE NUMADDRESS_SEQ;
DROP SEQUENCE NUMMOVEMENT_SEQ;
DROP SEQUENCE NUMMOVEMENTDET_SEQ;
DROP SEQUENCE NUMCLICATCLI_SEQ;

CREATE TABLE COD_VERSION
( 
  CVERSION VARCHAR2(16),
  LVERSION VARCHAR2(256) NOT NULL ,
  VERSIONDATE DATE DEFAULT sysdate NOT NULL,
  CONSTRAINT CVERSION_PK PRIMARY KEY (CVERSION)
);

CREATE TABLE COD_CIVILITY
( 
  CCIVIL VARCHAR2(2) ,
  LCIVIL VARCHAR2(64) NOT NULL,
  INDVALI VARCHAR2(1) DEFAULT '1' NOT NULL,
  CONSTRAINT CCIVIL_PK PRIMARY KEY (CCIVIL)
);

CREATE TABLE CLI_CLIENT
( 
  NUMCLI NUMBER(8),
  CCIVIL VARCHAR2(2) NOT NULL,
  NAME VARCHAR2(128),
  FIRSTNAME VARCHAR2(128),
  COMPANYNAME VARCHAR2(128),
  COMPANYID VARCHAR2(8),
  CUSERCRE VARCHAR2(32) NOT NULL,
  CREATIONDATE DATE NOT NULL,
  CUSERMOD VARCHAR2(32),
  MODIFDATE DATE,
  CONSTRAINT CLICLIENT_PK PRIMARY KEY (NUMCLI)
);

CREATE TABLE CLI_ADDRESS
( 
  NUMADDRESS NUMBER(8),
  NUMCLI NUMBER(8) NOT NULL,
  STREET1 VARCHAR2(128),
  STREET2 VARCHAR2(128) NOT NULL,
  STREET3 VARCHAR2(128),
  STREET4 VARCHAR2(128),
  CPOSTAL VARCHAR2(5) NOT NULL,
  CITY VARCHAR2(128) NOT NULL,
  CCOUNTRY VARCHAR2(3) DEFAULT 'FRA' NOT NULL,
  CUSERCRE VARCHAR2(32) NOT NULL,
  CREATIONDATE DATE NOT NULL,
  CUSERMOD VARCHAR2(32),
  MODIFDATE DATE,
  CONSTRAINT CLIADDRESS_PK PRIMARY KEY (NUMADDRESS)
);

CREATE TABLE COD_COUNTRY
( 
  CCOUNTRY VARCHAR2(3),
  LCOUNTRY VARCHAR2(32) NOT NULL,
  INDVALI VARCHAR2(1) DEFAULT '1' NOT NULL,
  CONSTRAINT CODCOUNTRY_PK PRIMARY KEY (CCOUNTRY)
);

CREATE TABLE COD_POSTAL
( 
  CPOSTAL VARCHAR2(5),
  CITY VARCHAR2(128),
  CCOUNTRY VARCHAR2(3),
  INDVALI VARCHAR2(1) DEFAULT '1' NOT NULL,
  CONSTRAINT CODPOSTAL_PK PRIMARY KEY (CPOSTAL, CITY, CCOUNTRY)
);

CREATE TABLE CLI_CONTRACT
( 
  NUMCLI NUMBER(8),
  NUMCON NUMBER(3),
  CBRANCH VARCHAR2(5) NOT NULL,
  CCATEGORY VARCHAR2(5) NOT NULL,
  STARTDATE DATE NOT NULL,
  ENDDATE DATE NOT NULL,
  CCANCEL VARCHAR2(2),
  CUSERCRE VARCHAR2(32) NOT NULL,
  CREATIONDATE DATE NOT NULL,
  CUSERMOD VARCHAR2(32),
  MODIFDATE DATE,
  CUSERCANCEL VARCHAR2(32),
  CANCELDATE DATE,
  CONSTRAINT CLICONTRACT_PK PRIMARY KEY (NUMCLI, NUMCON)
);

CREATE TABLE COD_BRANCH
( 
  CBRANCH VARCHAR2(6),
  LBRANCH VARCHAR2(128) NOT NULL,
  INDVALI VARCHAR2(1) DEFAULT '1' NOT NULL,
  CONSTRAINT CODBRANCH_PK PRIMARY KEY (CBRANCH)
);

CREATE TABLE COD_CATEGORY
( 
  CCATEGORY VARCHAR2(6),
  LCATEGORY VARCHAR2(128) NOT NULL,
  INDVALI VARCHAR2(1) DEFAULT '1' NOT NULL,
  CONSTRAINT CODCATEG_PK PRIMARY KEY (CCATEGORY)
);

CREATE TABLE COD_CANCEL
( 
  CCANCEL VARCHAR2(6),
  LCANCEL VARCHAR2(128) NOT NULL,
  INDVALI VARCHAR2(1) DEFAULT '1' NOT NULL,
  CONSTRAINT CODCANCEL_PK PRIMARY KEY (CCANCEL)
);

CREATE TABLE CLI_GUARANTEE
( 
  NUMGUARANTEE NUMBER(8),
  NUMCLI NUMBER(8) NOT NULL,
  NUMCON NUMBER(3) NOT NULL,
  CGUARANTEE VARCHAR2(5) NOT NULL,
  AMOUNT NUMBER NOT NULL,
  STARTVAL DATE NOT NULL,
  ENDVAL DATE NOT NULL,
  CUSERCRE VARCHAR2(32) NOT NULL,
  CREATIONDATE DATE NOT NULL,
  CUSERMOD VARCHAR2(32),
  MODIFDATE DATE,
  CONSTRAINT CLIGUARANTEE_PK PRIMARY KEY (NUMGUARANTEE)
);

CREATE TABLE COD_GUARANTEE
( 
  CGUARANTEE VARCHAR2(6),
  LGUARANTEE VARCHAR2(128),
  INDVALI VARCHAR2(1) DEFAULT '1' NOT NULL,
  CONSTRAINT CODGUARANTEE_PK PRIMARY KEY (CGUARANTEE)
);

CREATE TABLE COD_SECTION
( 
  CSECTION VARCHAR2(6),
  LSECTION VARCHAR2(128),
  INDVALI VARCHAR2(1) DEFAULT '1' NOT NULL,
  CONSTRAINT CODSECTION_PK PRIMARY KEY (CSECTION)
);

CREATE TABLE COD_PREMIUM
( 
  CPREMIUM VARCHAR2(6),
  LPREMIUM VARCHAR2(128),
  CTAX VARCHAR2(5),
  INDVALI VARCHAR2(1) DEFAULT '1' NOT NULL,
  CONSTRAINT CODPREMIUM_PK PRIMARY KEY (CPREMIUM)
);

CREATE TABLE COD_TAX
( 
  CTAX VARCHAR2(2),
  LTAX VARCHAR2(128),
  INDVALI VARCHAR2(1) DEFAULT '1' NOT NULL,
  CONSTRAINT CODTAX_PK PRIMARY KEY (CTAX)
);

CREATE TABLE COD_PREMIUMCONFIG
( 
  CBRANCH VARCHAR2(6),
  CCATEGORY VARCHAR2(6),
  CSECTION VARCHAR2(6),
  CGUARANTEE VARCHAR2(6),
  CPREMIUM VARCHAR2(6),
  INDVALI VARCHAR2(1) DEFAULT '1' NOT NULL,
  CONSTRAINT CODPREMIUMCONF_PK PRIMARY KEY (CBRANCH, CCATEGORY, CSECTION, CGUARANTEE, CPREMIUM)
);

CREATE TABLE COD_CATCLI
( 
  CCATCLI VARCHAR2(5),
  LCATCLI VARCHAR2(128),
  INDVALI VARCHAR2(1) DEFAULT '1' NOT NULL,
  INDCLIENT VARCHAR2(1),
  INDINSURANCE VARCHAR2(1),
  INDREINSURANCE VARCHAR2(1),
  INDBROKER VARCHAR2(1),
  INDEXPERT VARCHAR2(1),
  INDLAWYER VARCHAR2(1),
  INDBENEF VARCHAR2(1),
  INDTIERS VARCHAR2(1),
  CONSTRAINT CODCATCLI_PK PRIMARY KEY (CCATCLI)
);

CREATE TABLE CLI_CATCLI
( 
  NUMCLICATCLI NUMBER(8),
  NUMCLI NUMBER(8),
  CCATCLI VARCHAR2(5),
  CONSTRAINT CLICATCLI_PK PRIMARY KEY (NUMCLICATCLI)
);

CREATE TABLE USR_USER
( 
  CUSER VARCHAR2(32),
  LUSER VARCHAR2(128),
  CROLE VARCHAR2(16),
  INDVALI VARCHAR2(1) DEFAULT '1' NOT NULL,
  CUSERCRE VARCHAR2(32) NOT NULL,
  CREATIONDATE DATE NOT NULL,
  CUSERMOD VARCHAR2(32),
  MODIFDATE DATE,
  CONSTRAINT USRUSER_PK PRIMARY KEY (CUSER)
);

CREATE TABLE USR_ROLE
( 
  CROLE VARCHAR2(16),
  LROLE VARCHAR2(128),
  INDVALI VARCHAR2(1) DEFAULT '1' NOT NULL,
  CONSTRAINT USRROLE_PK PRIMARY KEY (CROLE)
);

create table COD_MOVEMENT
(
  CMOVEMENT     VARCHAR2(16) not null,
  LMOVEMENT     VARCHAR2(128) not null,
  INDVALI       VARCHAR2(1) not null,
  CONSTRAINT CODMOVEMENT_PK PRIMARY KEY (CMOVEMENT)
);

create table COD_MOVEMENTDET
(
  CCOLUMN       VARCHAR2(128) not null,
  LABEL         VARCHAR2(128) not null,
  VALUETABLE    VARCHAR2(64),
  VALUECOLUMN   VARCHAR2(64),
  CONSTRAINT CODMOVEMENTDET_PK PRIMARY KEY (CCOLUMN)
);



create table CLI_MOVEMENT
(
  NUMMOVEMENT     NUMBER(10) not null,
  NUMCLI          NUMBER(8) not null,
  NUMCON          NUMBER(3),
  CMOVEMENT       VARCHAR2(16) not null,
  CUSERMOVEMENT   VARCHAR2(20),
  MOVEMENTDATE    DATE default sysdate not null,
  CONSTRAINT CLIMOVEMENT_PK PRIMARY KEY (NUMMOVEMENT)
);



create table CLI_MOVEMENTDET
(
  NUMMOVEMENTDET NUMBER(10) not null,
  NUMMOVEMENT    NUMBER(10) not null,
  CCOLUMN      VARCHAR2(64) not null,
  OLDVALUE     VARCHAR2(128),
  NEWVALUE     VARCHAR2(128),
  CONSTRAINT CLIMOVEMENTDET_PK PRIMARY KEY (NUMMOVEMENTDET)
);


alter table CLI_CLIENT ADD CONSTRAINT FK_CLIENTCCIVIL FOREIGN KEY (CCIVIL) REFERENCES COD_CIVILITY(CCIVIL);
alter table CLI_ADDRESS ADD CONSTRAINT FK_ADDRNUMCLI FOREIGN KEY (NUMCLI) REFERENCES CLI_CLIENT(NUMCLI);
alter table CLI_ADDRESS ADD CONSTRAINT FK_ADDRCCOUNTRY FOREIGN KEY (CCOUNTRY) REFERENCES COD_COUNTRY(CCOUNTRY);
alter table COD_POSTAL ADD CONSTRAINT FK_ZIPPOSTAL FOREIGN KEY (CCOUNTRY) REFERENCES COD_COUNTRY(CCOUNTRY);
alter table CLI_ADDRESS ADD CONSTRAINT FK_ADDRZIPCITY FOREIGN KEY (CPOSTAL, CITY, CCOUNTRY) REFERENCES COD_POSTAL(CPOSTAL, CITY, CCOUNTRY);
alter table CLI_CONTRACT ADD CONSTRAINT FK_CONTRACTNUMCLI FOREIGN KEY (NUMCLI) REFERENCES CLI_CLIENT(NUMCLI);
alter table CLI_GUARANTEE ADD CONSTRAINT FK_GUARCONTRACT FOREIGN KEY (NUMCLI, NUMCON) REFERENCES CLI_CONTRACT(NUMCLI, NUMCON);
alter table CLI_GUARANTEE ADD CONSTRAINT FK_GUARCGUAR FOREIGN KEY (CGUARANTEE) REFERENCES COD_GUARANTEE(CGUARANTEE);
alter table CLI_CONTRACT ADD CONSTRAINT FK_CONTRACTCCATEG FOREIGN KEY (CCATEGORY) REFERENCES COD_CATEGORY(CCATEGORY);
alter table CLI_CONTRACT ADD CONSTRAINT FK_CONTRACTCBRANCH FOREIGN KEY (CBRANCH) REFERENCES COD_BRANCH(CBRANCH);
alter table CLI_CONTRACT ADD CONSTRAINT FK_CONTRACTCANCEL FOREIGN KEY (CCANCEL) REFERENCES COD_CANCEL(CCANCEL);
alter table COD_PREMIUM ADD CONSTRAINT FK_PREMIUMTAX FOREIGN KEY (CTAX) REFERENCES COD_TAX(CTAX);
alter table COD_PREMIUMCONFIG ADD CONSTRAINT FK_PCBRANCH FOREIGN KEY (CBRANCH) REFERENCES COD_BRANCH(CBRANCH);
alter table COD_PREMIUMCONFIG ADD CONSTRAINT FK_PCCATEG FOREIGN KEY (CCATEGORY) REFERENCES COD_CATEGORY(CCATEGORY);
alter table COD_PREMIUMCONFIG ADD CONSTRAINT FK_PCSECTION FOREIGN KEY (CSECTION) REFERENCES COD_SECTION(CSECTION);
alter table COD_PREMIUMCONFIG ADD CONSTRAINT FK_PCGUARANTEE FOREIGN KEY (CGUARANTEE) REFERENCES COD_GUARANTEE(CGUARANTEE);
alter table COD_PREMIUMCONFIG ADD CONSTRAINT FK_PCPREMIUM FOREIGN KEY (CPREMIUM) REFERENCES COD_PREMIUM(CPREMIUM);
alter table USR_USER ADD CONSTRAINT FK_USRROLE FOREIGN KEY (CROLE) REFERENCES USR_ROLE(CROLE);
alter table CLI_CLIENT ADD CONSTRAINT FK_CLIENTUSERCRE FOREIGN KEY (CUSERCRE) REFERENCES USR_USER(CUSER);
alter table CLI_CLIENT ADD CONSTRAINT FK_CLIENTUSERMOD FOREIGN KEY (CUSERMOD) REFERENCES USR_USER(CUSER);
alter table CLI_ADDRESS ADD CONSTRAINT FK_ADDRUSERCRE FOREIGN KEY (CUSERCRE) REFERENCES USR_USER(CUSER);
alter table CLI_ADDRESS ADD CONSTRAINT FK_ADDRUSERMOD FOREIGN KEY (CUSERMOD) REFERENCES USR_USER(CUSER);
alter table CLI_CONTRACT ADD CONSTRAINT FK_CONTRACTRUSERCRE FOREIGN KEY (CUSERCRE) REFERENCES USR_USER(CUSER);
alter table CLI_CONTRACT ADD CONSTRAINT FK_CONTRACTUSERMOD FOREIGN KEY (CUSERMOD) REFERENCES USR_USER(CUSER);
alter table CLI_CONTRACT ADD CONSTRAINT FK_CONTRACTUSERCANCEL FOREIGN KEY (CUSERCANCEL) REFERENCES USR_USER(CUSER);
alter table CLI_GUARANTEE ADD CONSTRAINT FK_GUARRUSERCRE FOREIGN KEY (CUSERCRE) REFERENCES USR_USER(CUSER);
alter table CLI_GUARANTEE ADD CONSTRAINT FK_GUARUSERMOD FOREIGN KEY (CUSERMOD) REFERENCES USR_USER(CUSER);
alter table CLI_MOVEMENT ADD CONSTRAINT FK_MVTCMVT FOREIGN KEY (CMOVEMENT) REFERENCES COD_MOVEMENT(CMOVEMENT);
alter table CLI_MOVEMENT ADD CONSTRAINT FK_MVTCUSER FOREIGN KEY (CUSERMOVEMENT) REFERENCES USR_USER(CUSER);
alter table CLI_MOVEMENT ADD CONSTRAINT FK_MVTCLIENT FOREIGN KEY (NUMCLI) REFERENCES CLI_CLIENT(NUMCLI);
alter table CLI_MOVEMENTDET ADD CONSTRAINT FK_MVTDETMVT FOREIGN KEY (NUMMOVEMENT) REFERENCES CLI_MOVEMENT(NUMMOVEMENT);
alter table CLI_MOVEMENTDET ADD CONSTRAINT FK_MVTDETCCOLUMN FOREIGN KEY (CCOLUMN) REFERENCES COD_MOVEMENTDET(CCOLUMN);
alter table CLI_CATCLI ADD CONSTRAINT FK_CLICATCATFK FOREIGN KEY (CCATCLI) REFERENCES COD_CATCLI(CCATCLI);
alter table CLI_CATCLI ADD CONSTRAINT FK_CLICATCLIFK FOREIGN KEY (NUMCLI) REFERENCES CLI_CLIENT(NUMCLI);

INSERT INTO COD_VERSION(CVERSION, LVERSION, VERSIONDATE) VALUES ('0.0.1', 'POC 0.0.1', sysdate);
INSERT INTO COD_CIVILITY(CCIVIL, LCIVIL, INDVALI) VALUES ('01', 'MONSIEUR', '1');
INSERT INTO COD_CIVILITY(CCIVIL, LCIVIL, INDVALI) VALUES ('02', 'MADAME', '1');
INSERT INTO COD_COUNTRY(CCOUNTRY,LCOUNTRY,INDVALI) VALUES ('FRA', 'FRANCE', '1');
INSERT INTO COD_POSTAL(CPOSTAL, CITY, CCOUNTRY, INDVALI) values ('75015', 'PARIS', 'FRA', '1');

INSERT INTO COD_BRANCH(CBRANCH, LBRANCH, INDVALI) values ('IA', 'INDIVIDUELLE ACCIDENT', '1');
INSERT INTO COD_BRANCH(CBRANCH, LBRANCH, INDVALI) values ('RSP', 'RISQUES SPECIAUX', '1');

INSERT INTO COD_CATEGORY(CCATEGORY, LCATEGORY, INDVALI) values ('IAG', 'INDIVIDUELLE ACCIDENT GROUPE', '1');
INSERT INTO COD_CATEGORY(CCATEGORY, LCATEGORY, INDVALI) values ('IAP', 'INDIVIDUELLE ACCIDENT PARTICULIER', '1');
INSERT INTO COD_CATEGORY(CCATEGORY, LCATEGORY, INDVALI) values ('RSP', 'RISQUES SPECIAUX', '1');
INSERT INTO COD_CATEGORY(CCATEGORY, LCATEGORY, INDVALI) values ('ATMP', 'ACCIDENT DU TRAVAIL ET MALADIE PROFESSIONNELLE', '1');

INSERT INTO COD_SECTION(CSECTION, LSECTION, INDVALI) values ('PEFI', 'PERTE FINANCIERE', '1');
INSERT INTO COD_SECTION(CSECTION, LSECTION, INDVALI) values ('DOMM', 'DOMMAGE', '1');

INSERT INTO COD_GUARANTEE(CGUARANTEE, LGUARANTEE, INDVALI) values ('DCG', 'DECES GROUPE', '1');
INSERT INTO COD_GUARANTEE(CGUARANTEE, LGUARANTEE, INDVALI) values ('IPG', 'I.P. GROUPE', '1');
INSERT INTO COD_GUARANTEE(CGUARANTEE, LGUARANTEE, INDVALI) values ('ASS', 'ASSISTANCE', '1');
INSERT INTO COD_GUARANTEE(CGUARANTEE, LGUARANTEE, INDVALI) values ('TRB', 'BAGAGES', '1');
INSERT INTO COD_GUARANTEE(CGUARANTEE, LGUARANTEE, INDVALI) values ('RCVP', 'RESPONSABILITE CIVILE VIE PRIVEE', '1');
INSERT INTO COD_GUARANTEE(CGUARANTEE, LGUARANTEE, INDVALI) values ('DCP', 'DECES PARTICULIER', '1');
INSERT INTO COD_GUARANTEE(CGUARANTEE, LGUARANTEE, INDVALI) values ('IPP', 'I.P. PARTICULIER', '1');
INSERT INTO COD_GUARANTEE(CGUARANTEE, LGUARANTEE, INDVALI) values ('ANN', 'ANNULATION', '1');
INSERT INTO COD_GUARANTEE(CGUARANTEE, LGUARANTEE, INDVALI) values ('TRE', 'TOUS RISQUES EXPOSITION', '1');
INSERT INTO COD_GUARANTEE(CGUARANTEE, LGUARANTEE, INDVALI) values ('ATMP', 'ACCIDENT DU TRAVAIL ET MALADIE PROFESSIONNELLE', '1');
INSERT INTO COD_GUARANTEE(CGUARANTEE, LGUARANTEE, INDVALI) values ('ASP', 'ASSISTANCE PSY', '1');

INSERT INTO COD_TAX(CTAX, LTAX, INDVALI) values ('00', 'TAUX TAXE 0%', '1');
INSERT INTO COD_TAX(CTAX, LTAX, INDVALI) values ('09', 'TAUX TAXE 9%', '1');

INSERT INTO COD_PREMIUM(CPREMIUM, LPREMIUM, CTAX, INDVALI) values ('DCG00', 'DECES GROUPE 0%', '00', '1');
INSERT INTO COD_PREMIUM(CPREMIUM, LPREMIUM, CTAX, INDVALI) values ('DCG09', 'DECES GROUPE 9%', '09', '1');

INSERT INTO COD_PREMIUM(CPREMIUM, LPREMIUM, CTAX, INDVALI) values ('IPG00', 'I.P. GROUPE 0%', '00', '1');
INSERT INTO COD_PREMIUM(CPREMIUM, LPREMIUM, CTAX, INDVALI) values ('IPG09', 'I.P. GROUPE 9%', '09', '1');

INSERT INTO COD_PREMIUM(CPREMIUM, LPREMIUM, CTAX, INDVALI) values ('ASS00', 'ASSISTANCE 0%', '00', '1');
INSERT INTO COD_PREMIUM(CPREMIUM, LPREMIUM, CTAX, INDVALI) values ('ASS09', 'ASSISTANCE 9%', '09', '1');

INSERT INTO COD_PREMIUM(CPREMIUM, LPREMIUM, CTAX, INDVALI) values ('TRB00', 'BAGAGES 0%', '00', '1');
INSERT INTO COD_PREMIUM(CPREMIUM, LPREMIUM, CTAX, INDVALI) values ('TRB09', 'BAGAGES 9%', '09', '1');

INSERT INTO COD_PREMIUM(CPREMIUM, LPREMIUM, CTAX, INDVALI) values ('RCVP00', 'RESPONSABILITE CIVILE VIE PRIVEE 0%', '00', '1');
INSERT INTO COD_PREMIUM(CPREMIUM, LPREMIUM, CTAX, INDVALI) values ('RCVP09', 'RESPONSABILITE CIVILE VIE PRIVEE 9%', '09', '1');

INSERT INTO COD_PREMIUM(CPREMIUM, LPREMIUM, CTAX, INDVALI) values ('DCP00', 'DECES PARTICULIER 0%', '00', '1');
INSERT INTO COD_PREMIUM(CPREMIUM, LPREMIUM, CTAX, INDVALI) values ('DCP09', 'DECES PARTICULIER 9%', '09', '1');

INSERT INTO COD_PREMIUM(CPREMIUM, LPREMIUM, CTAX, INDVALI) values ('IPP00', 'I.P. PARTICULIER 0%', '00', '1');
INSERT INTO COD_PREMIUM(CPREMIUM, LPREMIUM, CTAX, INDVALI) values ('IPP09', 'I.P. PARTICULIER 9%', '09', '1');

INSERT INTO COD_PREMIUM(CPREMIUM, LPREMIUM, CTAX, INDVALI) values ('ANN00', 'ANNULATION 0%', '00', '1');
INSERT INTO COD_PREMIUM(CPREMIUM, LPREMIUM, CTAX, INDVALI) values ('ANN09', 'ANNULATION 9%', '09', '1');

INSERT INTO COD_PREMIUM(CPREMIUM, LPREMIUM, CTAX, INDVALI) values ('TRE00', 'TOUS RISQUES EXPOSITION 0%', '00', '1');
INSERT INTO COD_PREMIUM(CPREMIUM, LPREMIUM, CTAX, INDVALI) values ('TRE09', 'TOUS RISQUES EXPOSITION 9%', '09', '1');

INSERT INTO COD_PREMIUM(CPREMIUM, LPREMIUM, CTAX, INDVALI) values ('ATMP09', 'ACCIDENT DU TRAVAIL ET MALADIE PROFESSIONNELLE 9%', '09', '1');

INSERT INTO COD_PREMIUM(CPREMIUM, LPREMIUM, CTAX, INDVALI) values ('ASP09', 'ASSISTANCE PSY 9%', '09', '1');

INSERT INTO COD_PREMIUMCONFIG(CBRANCH, CCATEGORY, CSECTION, CGUARANTEE, CPREMIUM, INDVALI) values ('IA', 'IAG', 'PEFI', 'DCG', 'DCG00', '1');
INSERT INTO COD_PREMIUMCONFIG(CBRANCH, CCATEGORY, CSECTION, CGUARANTEE, CPREMIUM, INDVALI) values ('IA', 'IAG', 'PEFI', 'DCG', 'DCG09', '1');
INSERT INTO COD_PREMIUMCONFIG(CBRANCH, CCATEGORY, CSECTION, CGUARANTEE, CPREMIUM, INDVALI) values ('IA', 'IAG', 'PEFI', 'IPG', 'IPG00', '1');
INSERT INTO COD_PREMIUMCONFIG(CBRANCH, CCATEGORY, CSECTION, CGUARANTEE, CPREMIUM, INDVALI) values ('IA', 'IAG', 'PEFI', 'IPG', 'IPG09', '1');
INSERT INTO COD_PREMIUMCONFIG(CBRANCH, CCATEGORY, CSECTION, CGUARANTEE, CPREMIUM, INDVALI) values ('IA', 'IAG', 'PEFI', 'ASS', 'ASS00', '1');
INSERT INTO COD_PREMIUMCONFIG(CBRANCH, CCATEGORY, CSECTION, CGUARANTEE, CPREMIUM, INDVALI) values ('IA', 'IAG', 'PEFI', 'ASS', 'ASS09', '1');
INSERT INTO COD_PREMIUMCONFIG(CBRANCH, CCATEGORY, CSECTION, CGUARANTEE, CPREMIUM, INDVALI) values ('IA', 'IAG', 'DOMM', 'TRB', 'TRB00', '1');
INSERT INTO COD_PREMIUMCONFIG(CBRANCH, CCATEGORY, CSECTION, CGUARANTEE, CPREMIUM, INDVALI) values ('IA', 'IAG', 'DOMM', 'TRB', 'TRB09', '1');
INSERT INTO COD_PREMIUMCONFIG(CBRANCH, CCATEGORY, CSECTION, CGUARANTEE, CPREMIUM, INDVALI) values ('IA', 'IAG', 'PEFI', 'RCVP', 'RCVP00', '1');
INSERT INTO COD_PREMIUMCONFIG(CBRANCH, CCATEGORY, CSECTION, CGUARANTEE, CPREMIUM, INDVALI) values ('IA', 'IAG', 'PEFI', 'RCVP', 'RCVP09', '1');


INSERT INTO COD_PREMIUMCONFIG(CBRANCH, CCATEGORY, CSECTION, CGUARANTEE, CPREMIUM, INDVALI) values ('IA', 'IAP', 'PEFI', 'DCP', 'DCP00', '1');
INSERT INTO COD_PREMIUMCONFIG(CBRANCH, CCATEGORY, CSECTION, CGUARANTEE, CPREMIUM, INDVALI) values ('IA', 'IAP', 'PEFI', 'DCP', 'DCP09', '1');
INSERT INTO COD_PREMIUMCONFIG(CBRANCH, CCATEGORY, CSECTION, CGUARANTEE, CPREMIUM, INDVALI) values ('IA', 'IAP', 'PEFI', 'IPP', 'IPP00', '1');
INSERT INTO COD_PREMIUMCONFIG(CBRANCH, CCATEGORY, CSECTION, CGUARANTEE, CPREMIUM, INDVALI) values ('IA', 'IAP', 'PEFI', 'IPP', 'IPP09', '1');
INSERT INTO COD_PREMIUMCONFIG(CBRANCH, CCATEGORY, CSECTION, CGUARANTEE, CPREMIUM, INDVALI) values ('IA', 'IAP', 'PEFI', 'ASS', 'ASS00', '1');
INSERT INTO COD_PREMIUMCONFIG(CBRANCH, CCATEGORY, CSECTION, CGUARANTEE, CPREMIUM, INDVALI) values ('IA', 'IAP', 'PEFI', 'ASS', 'ASS09', '1');
INSERT INTO COD_PREMIUMCONFIG(CBRANCH, CCATEGORY, CSECTION, CGUARANTEE, CPREMIUM, INDVALI) values ('IA', 'IAP', 'DOMM', 'TRB', 'TRB00', '1');
INSERT INTO COD_PREMIUMCONFIG(CBRANCH, CCATEGORY, CSECTION, CGUARANTEE, CPREMIUM, INDVALI) values ('IA', 'IAP', 'DOMM', 'TRB', 'TRB09', '1');

INSERT INTO COD_PREMIUMCONFIG(CBRANCH, CCATEGORY, CSECTION, CGUARANTEE, CPREMIUM, INDVALI) values ('RSP', 'RSP', 'PEFI', 'ANN', 'ANN00', '1');
INSERT INTO COD_PREMIUMCONFIG(CBRANCH, CCATEGORY, CSECTION, CGUARANTEE, CPREMIUM, INDVALI) values ('RSP', 'RSP', 'PEFI', 'ANN', 'ANN09', '1');
INSERT INTO COD_PREMIUMCONFIG(CBRANCH, CCATEGORY, CSECTION, CGUARANTEE, CPREMIUM, INDVALI) values ('RSP', 'RSP', 'DOMM', 'TRE', 'TRE00', '1');
INSERT INTO COD_PREMIUMCONFIG(CBRANCH, CCATEGORY, CSECTION, CGUARANTEE, CPREMIUM, INDVALI) values ('RSP', 'RSP', 'DOMM', 'TRE', 'TRE09', '1');


INSERT INTO COD_PREMIUMCONFIG(CBRANCH, CCATEGORY, CSECTION, CGUARANTEE, CPREMIUM, INDVALI) values ('RSP', 'ATMP', 'PEFI', 'ATMP', 'ATMP09', '1');
INSERT INTO COD_PREMIUMCONFIG(CBRANCH, CCATEGORY, CSECTION, CGUARANTEE, CPREMIUM, INDVALI) values ('RSP', 'ATMP', 'PEFI', 'ASP', 'ASP09', '1');



INSERT INTO COD_CATCLI(CCATCLI, LCATCLI, INDCLIENT, INDINSURANCE, INDREINSURANCE, INDBROKER, INDEXPERT, INDLAWYER, INDBENEF, INDTIERS, INDVALI) values ('CLI', 'CLIENT', '1', '0', '0', '0', '0', '0', '0', '0', '1');
INSERT INTO COD_CATCLI(CCATCLI, LCATCLI, INDCLIENT, INDINSURANCE, INDREINSURANCE, INDBROKER, INDEXPERT, INDLAWYER, INDBENEF, INDTIERS, INDVALI) values ('INS', 'ASSUREUR/COASSUREUR', '0', '1', '0', '0', '0', '0', '0', '0', '1');
INSERT INTO COD_CATCLI(CCATCLI, LCATCLI, INDCLIENT, INDINSURANCE, INDREINSURANCE, INDBROKER, INDEXPERT, INDLAWYER, INDBENEF, INDTIERS, INDVALI) values ('REI', 'REASSUREUR', '0', '0', '1', '0', '0', '0', '0', '0', '1');
INSERT INTO COD_CATCLI(CCATCLI, LCATCLI, INDCLIENT, INDINSURANCE, INDREINSURANCE, INDBROKER, INDEXPERT, INDLAWYER, INDBENEF, INDTIERS, INDVALI) values ('BRO', 'COURTIER', '0', '0', '0', '1', '0', '0', '0', '0', '1');
INSERT INTO COD_CATCLI(CCATCLI, LCATCLI, INDCLIENT, INDINSURANCE, INDREINSURANCE, INDBROKER, INDEXPERT, INDLAWYER, INDBENEF, INDTIERS, INDVALI) values ('EXP', 'EXPERT', '0', '0', '0', '0', '1', '0', '0', '0', '1');
INSERT INTO COD_CATCLI(CCATCLI, LCATCLI, INDCLIENT, INDINSURANCE, INDREINSURANCE, INDBROKER, INDEXPERT, INDLAWYER, INDBENEF, INDTIERS, INDVALI) values ('LAW', 'AVOCAT', '0', '0', '0', '0', '0', '1', '0', '0', '1');
INSERT INTO COD_CATCLI(CCATCLI, LCATCLI, INDCLIENT, INDINSURANCE, INDREINSURANCE, INDBROKER, INDEXPERT, INDLAWYER, INDBENEF, INDTIERS, INDVALI) values ('BEN', 'BENEFICIAIRE', '0', '0', '0', '0', '0', '0', '1', '0', '1');
INSERT INTO COD_CATCLI(CCATCLI, LCATCLI, INDCLIENT, INDINSURANCE, INDREINSURANCE, INDBROKER, INDEXPERT, INDLAWYER, INDBENEF, INDTIERS, INDVALI) values ('TIE', 'TIERS', '0', '0', '0', '0', '0', '0', '0', '1', '1');

INSERT INTO USR_ROLE(CROLE, LROLE, INDVALI) VALUES ('ADMIN', 'ADMINISTRATEUR MFI', '1');
INSERT INTO USR_USER(CUSER, LUSER, CROLE, INDVALI, CUSERCRE, CREATIONDATE) VALUES ('XAVIER', 'XAVIER', 'ADMIN', '1', 'XAVIER', sysdate);
INSERT INTO USR_USER(CUSER, LUSER, CROLE, INDVALI, CUSERCRE, CREATIONDATE) VALUES ('DIMITRI', 'DIMITRI', 'ADMIN', '1', 'XAVIER', sysdate);
INSERT INTO USR_USER(CUSER, LUSER, CROLE, INDVALI, CUSERCRE, CREATIONDATE) VALUES ('LAURENT', 'LAURENT', 'ADMIN', '1', 'XAVIER', sysdate);


INSERT INTO COD_MOVEMENT(CMOVEMENT, LMOVEMENT, INDVALI) values ('NEWPERSON', 'Nouvel individu', '1');
INSERT INTO COD_MOVEMENT(CMOVEMENT, LMOVEMENT, INDVALI) values ('MODPERSON', 'Modification individu', '1');
INSERT INTO COD_MOVEMENT(CMOVEMENT, LMOVEMENT, INDVALI) values ('NEWADDRESS', 'Nouvelle adresse', '1');
INSERT INTO COD_MOVEMENT(CMOVEMENT, LMOVEMENT, INDVALI) values ('MODADDRESS', 'Modification adresse', '1');
INSERT INTO COD_MOVEMENT(CMOVEMENT, LMOVEMENT, INDVALI) values ('NEWCATCLI', 'Nouvelle catégorie individu', '1');
INSERT INTO COD_MOVEMENT(CMOVEMENT, LMOVEMENT, INDVALI) values ('DELCATCLI', 'Retrait catégorie individu', '1');

INSERT INTO COD_MOVEMENTDET(CCOLUMN, LABEL, VALUETABLE, VALUECOLUMN) values ('CCIVIL', 'Civilité', 'COD_CIVILITY', 'LCIVIL');
INSERT INTO COD_MOVEMENTDET(CCOLUMN, LABEL, VALUETABLE, VALUECOLUMN) values ('NAME', 'Nom', NULL, NULL);
INSERT INTO COD_MOVEMENTDET(CCOLUMN, LABEL, VALUETABLE, VALUECOLUMN) values ('FIRSTNAME', 'Prénom', NULL, NULL);
INSERT INTO COD_MOVEMENTDET(CCOLUMN, LABEL, VALUETABLE, VALUECOLUMN) values ('COMPANYNAME', 'Société', NULL, NULL);
INSERT INTO COD_MOVEMENTDET(CCOLUMN, LABEL, VALUETABLE, VALUECOLUMN) values ('COMPANYID', 'SIRET', NULL, NULL);

INSERT INTO COD_MOVEMENTDET(CCOLUMN, LABEL, VALUETABLE, VALUECOLUMN) values ('STREET1', 'Complément de nom', NULL, NULL);
INSERT INTO COD_MOVEMENTDET(CCOLUMN, LABEL, VALUETABLE, VALUECOLUMN) values ('STREET2', 'Numéro et nom de voie', NULL, NULL);
INSERT INTO COD_MOVEMENTDET(CCOLUMN, LABEL, VALUETABLE, VALUECOLUMN) values ('STREET3', 'Complément d''adresse', NULL, NULL);
INSERT INTO COD_MOVEMENTDET(CCOLUMN, LABEL, VALUETABLE, VALUECOLUMN) values ('STREET4', 'BP, Lieu-dit', NULL, NULL);
INSERT INTO COD_MOVEMENTDET(CCOLUMN, LABEL, VALUETABLE, VALUECOLUMN) values ('CPOSTAL', 'Code postal', NULL, NULL);
INSERT INTO COD_MOVEMENTDET(CCOLUMN, LABEL, VALUETABLE, VALUECOLUMN) values ('CITY', 'Ville', NULL, NULL);
INSERT INTO COD_MOVEMENTDET(CCOLUMN, LABEL, VALUETABLE, VALUECOLUMN) values ('CCOUNTRY', 'Pays', 'COD_COUNTRY', 'LCOUNTRY');

INSERT INTO COD_MOVEMENTDET(CCOLUMN, LABEL, VALUETABLE, VALUECOLUMN) values ('CCATCLI', 'Catégorie individu', 'COD_CATCLI', 'LCATCLI');


CREATE SEQUENCE NUMGUARANTEE_SEQ
 START WITH     1
 INCREMENT BY   1
 NOCACHE
 NOCYCLE;
 
CREATE SEQUENCE NUMCLI_SEQ
 START WITH     1
 INCREMENT BY   1
 NOCACHE
 NOCYCLE;
 
CREATE SEQUENCE NUMADDRESS_SEQ
 START WITH     1
 INCREMENT BY   1
 NOCACHE
 NOCYCLE;
 
CREATE SEQUENCE NUMMOVEMENT_SEQ
 START WITH     1
 INCREMENT BY   1
 NOCACHE
 NOCYCLE;
 
CREATE SEQUENCE NUMMOVEMENTDET_SEQ
 START WITH     1
 INCREMENT BY   1
 NOCACHE
 NOCYCLE;
 


CREATE SEQUENCE NUMCLICATCLI_SEQ
 START WITH     1
 INCREMENT BY   1
 NOCACHE
 NOCYCLE;


commit;


